n_samples,Distribution,Algorithm,Accuracy,Precision,Recall,F1 Score,Time
500,normal,KMeans,0.96,0.6,0.6,0.6,0.2506
500,normal,DBSCAN,0.968,0.6285714285714286,0.88,0.7333333333333333,0.0051
500,normal,Isolation Forest,0.984,0.84,0.84,0.84,0.1903
500,normal,Z-Score,0.974,0.7,0.84,0.7636363636363637,0.0010
500,normal,IQR,0.942,0.4583333333333333,0.88,0.6027397260273972,0.0102
500,blobs,KMeans,0.98,0.8,0.8,0.8,0.2245
500,blobs,DBSCAN,0.992,0.92,0.92,0.92,0.0044
500,blobs,Isolation Forest,0.992,0.92,0.92,0.92,0.1797
500,blobs,Z-Score,0.982,1.0,0.64,0.7804878048780488,0.0009
500,blobs,IQR,0.962,1.0,0.24,0.3870967741935484,0.0095
500,moons,KMeans,0.964,0.64,0.64,0.64,0.1798
500,moons,DBSCAN,0.996,0.9259259259259259,1.0,0.9615384615384616,0.0041
500,moons,Isolation Forest,0.98,0.8,0.8,0.8,0.1864
500,moons,Z-Score,0.978,1.0,0.56,0.717948717948718,0.0009
500,moons,IQR,0.976,1.0,0.52,0.6842105263157895,0.0097
500,circles,KMeans,0.968,0.68,0.68,0.68,0.2407
500,circles,DBSCAN,0.996,1.0,0.92,0.9583333333333334,0.0045
500,circles,Isolation Forest,0.988,0.88,0.88,0.88,0.1842
500,circles,Z-Score,0.99,0.9545454545454546,0.84,0.8936170212765957,0.0009
500,circles,IQR,0.928,0.40350877192982454,0.92,0.5609756097560976,0.0101
1000,normal,KMeans,0.954,0.54,0.54,0.54,1.2186
1000,normal,DBSCAN,0.972,0.6774193548387096,0.84,0.75,0.0085
1000,normal,Isolation Forest,0.974,0.74,0.74,0.74,0.2074
1000,normal,Z-Score,0.976,0.7241379310344828,0.84,0.7777777777777778,0.0009
1000,normal,IQR,0.93,0.4056603773584906,0.86,0.5512820512820513,0.0171
1000,blobs,KMeans,0.968,0.68,0.68,0.68,1.0238
1000,blobs,DBSCAN,0.986,0.9090909090909091,0.8,0.851063829787234,0.0079
1000,blobs,Isolation Forest,0.98,0.8,0.8,0.8,0.2012
1000,blobs,Z-Score,0.981,1.0,0.62,0.7654320987654321,0.0009
1000,blobs,IQR,0.973,1.0,0.46,0.6301369863013698,0.0165
1000,moons,KMeans,0.968,0.68,0.68,0.68,1.0817
1000,moons,DBSCAN,0.986,0.9285714285714286,0.78,0.8478260869565217,0.0068
1000,moons,Isolation Forest,0.98,0.8,0.8,0.8,0.1909
1000,moons,Z-Score,0.981,1.0,0.62,0.7654320987654321,0.0009
1000,moons,IQR,0.986,1.0,0.72,0.8372093023255814,0.0181
1000,circles,KMeans,0.968,0.68,0.68,0.68,1.1394
1000,circles,DBSCAN,0.994,1.0,0.88,0.9361702127659575,0.0062
1000,circles,Isolation Forest,0.978,0.78,0.78,0.78,0.1911
1000,circles,Z-Score,0.981,1.0,0.62,0.7654320987654321,0.0009
1000,circles,IQR,0.969,1.0,0.38,0.5507246376811594,0.0171
1500,normal,KMeans,0.9653333333333334,0.6533333333333333,0.6533333333333333,0.6533333333333333,1.2860
1500,normal,DBSCAN,0.9693333333333334,0.6526315789473685,0.8266666666666667,0.7294117647058823,0.0112
1500,normal,Isolation Forest,0.984,0.84,0.84,0.84,0.1951
1500,normal,Z-Score,0.9706666666666667,0.6631578947368421,0.84,0.7411764705882353,0.0009
1500,normal,IQR,0.9333333333333333,0.422360248447205,0.9066666666666666,0.576271186440678,0.0243
1500,blobs,KMeans,0.984,0.84,0.84,0.84,1.2627
1500,blobs,DBSCAN,0.9846666666666667,0.8095238095238095,0.9066666666666666,0.8553459119496856,0.0110
1500,blobs,Isolation Forest,0.9893333333333333,0.8933333333333333,0.8933333333333333,0.8933333333333333,0.1990
1500,blobs,Z-Score,0.9813333333333333,1.0,0.6266666666666667,0.7704918032786885,0.0009
1500,blobs,IQR,0.9593333333333334,1.0,0.18666666666666668,0.3146067415730337,0.0237
1500,moons,KMeans,0.9706666666666667,0.7066666666666667,0.7066666666666667,0.7066666666666667,1.2663
1500,moons,DBSCAN,0.9913333333333333,0.9428571428571428,0.88,0.9103448275862069,0.0093
1500,moons,Isolation Forest,0.976,0.76,0.76,0.76,0.2253
1500,moons,Z-Score,0.9826666666666667,1.0,0.6533333333333333,0.7903225806451613,0.0010
1500,moons,IQR,0.9766666666666667,1.0,0.5333333333333333,0.6956521739130435,0.0239
1500,circles,KMeans,0.9706666666666667,0.7066666666666667,0.7066666666666667,0.7066666666666667,1.3281
1500,circles,DBSCAN,0.986,0.9354838709677419,0.7733333333333333,0.8467153284671532,0.0096
1500,circles,Isolation Forest,0.9746666666666667,0.7466666666666667,0.7466666666666667,0.7466666666666667,0.2038
1500,circles,Z-Score,0.9853333333333333,1.0,0.7066666666666667,0.828125,0.0009
1500,circles,IQR,0.9813333333333333,1.0,0.6266666666666667,0.7704918032786885,0.0242
2000,normal,KMeans,0.972,0.72,0.72,0.72,1.3330
2000,normal,DBSCAN,0.9785,0.7435897435897436,0.87,0.8018433179723502,0.0154
2000,normal,Isolation Forest,0.984,0.84,0.84,0.84,0.2023
2000,normal,Z-Score,0.973,0.6854838709677419,0.85,0.7589285714285714,0.0009
2000,normal,IQR,0.936,0.4320388349514563,0.89,0.5816993464052288,0.0324
2000,blobs,KMeans,0.993,0.93,0.93,0.93,1.0857
2000,blobs,DBSCAN,0.995,0.9411764705882353,0.96,0.9504950495049505,0.0158
2000,blobs,Isolation Forest,0.989,0.89,0.89,0.89,0.2180
2000,blobs,Z-Score,0.976,1.0,0.52,0.6842105263157895,0.0009
2000,blobs,IQR,0.9545,1.0,0.09,0.1651376146788991,0.0306
2000,moons,KMeans,0.975,0.75,0.75,0.75,1.2967
2000,moons,DBSCAN,0.99,0.9347826086956522,0.86,0.8958333333333334,0.0128
2000,moons,Isolation Forest,0.98,0.8,0.8,0.8,0.2076
2000,moons,Z-Score,0.9855,1.0,0.71,0.8304093567251462,0.0009
2000,moons,IQR,0.981,1.0,0.62,0.7654320987654321,0.0313
2000,circles,KMeans,0.96,0.6,0.6,0.6,1.2823
2000,circles,DBSCAN,0.9955,1.0,0.91,0.9528795811518325,0.0114
2000,circles,Isolation Forest,0.978,0.78,0.78,0.78,0.2158
2000,circles,Z-Score,0.981,1.0,0.62,0.7654320987654321,0.0009
2000,circles,IQR,0.9635,1.0,0.27,0.4251968503937008,0.0317
2500,normal,KMeans,0.9608,0.608,0.608,0.608,1.6423
2500,normal,DBSCAN,0.9756,1.0,0.512,0.6772486772486772,0.0403
2500,normal,Isolation Forest,0.984,0.84,0.84,0.84,0.2310
2500,normal,Z-Score,0.98,0.7516778523489933,0.896,0.8175182481751825,0.0010
2500,normal,IQR,0.9292,0.4103448275862069,0.952,0.5734939759036145,0.0405
2500,blobs,KMeans,0.9864,0.864,0.864,0.864,1.6396
2500,blobs,DBSCAN,0.9864,0.8321167883211679,0.912,0.8702290076335878,0.0179
2500,blobs,Isolation Forest,0.9864,0.864,0.864,0.864,0.2333
2500,blobs,Z-Score,0.986,0.9411764705882353,0.768,0.8458149779735683,0.0011
2500,blobs,IQR,0.8972,0.29878048780487804,0.784,0.4326710816777042,0.0400
2500,moons,KMeans,0.972,0.72,0.72,0.72,1.6689
2500,moons,DBSCAN,0.9884,0.9615384615384616,0.8,0.8733624454148472,0.0168
2500,moons,Isolation Forest,0.976,0.76,0.76,0.76,0.2217
2500,moons,Z-Score,0.982,1.0,0.64,0.7804878048780488,0.0009
2500,moons,IQR,0.9796,1.0,0.592,0.7437185929648241,0.0392
2500,circles,KMeans,0.9648,0.648,0.648,0.648,1.6744
2500,circles,DBSCAN,0.9928,0.9652173913043478,0.888,0.925,0.0144
2500,circles,Isolation Forest,0.976,0.76,0.76,0.76,0.2210
2500,circles,Z-Score,0.982,1.0,0.64,0.7804878048780488,0.0009
2500,circles,IQR,0.978,1.0,0.56,0.717948717948718,0.0384
3000,normal,KMeans,0.9706666666666667,0.7066666666666667,0.7066666666666667,0.7066666666666667,1.8630
3000,normal,DBSCAN,0.9793333333333333,0.7784810126582279,0.82,0.7987012987012987,0.0251
3000,normal,Isolation Forest,0.9826666666666667,0.8266666666666667,0.8266666666666667,0.8266666666666667,0.2474
3000,normal,Z-Score,0.9803333333333333,0.7935483870967742,0.82,0.8065573770491803,0.0013
3000,normal,IQR,0.9326666666666666,0.4192546583850932,0.9,0.5720338983050848,0.0498
3000,blobs,KMeans,0.986,0.86,0.86,0.86,1.8937
3000,blobs,DBSCAN,0.9786666666666667,0.7107843137254902,0.9666666666666667,0.8192090395480226,0.0213
3000,blobs,Isolation Forest,0.9866666666666667,0.8666666666666667,0.8666666666666667,0.8666666666666667,0.2258
3000,blobs,Z-Score,0.9836666666666667,1.0,0.6733333333333333,0.8047808764940239,0.0010
3000,blobs,IQR,0.9663333333333334,1.0,0.32666666666666666,0.49246231155778897,0.0463
3000,moons,KMeans,0.97,0.7,0.7,0.7,1.8681
3000,moons,DBSCAN,0.991,0.9624060150375939,0.8533333333333334,0.9045936395759717,0.0202
3000,moons,Isolation Forest,0.982,0.82,0.82,0.82,0.2428
3000,moons,Z-Score,0.9796666666666667,1.0,0.5933333333333334,0.7447698744769874,0.0009
3000,moons,IQR,0.9783333333333334,1.0,0.5666666666666667,0.723404255319149,0.0479
3000,circles,KMeans,0.97,0.7,0.7,0.7,1.8729
3000,circles,DBSCAN,0.9896666666666667,0.9541984732824428,0.8333333333333334,0.8896797153024911,0.0190
3000,circles,Isolation Forest,0.9793333333333333,0.7933333333333333,0.7933333333333333,0.7933333333333333,0.2420
3000,circles,Z-Score,0.9843333333333333,1.0,0.6866666666666666,0.8142292490118577,0.0009
3000,circles,IQR,0.9826666666666667,1.0,0.6533333333333333,0.7903225806451613,0.0457
3500,normal,KMeans,0.9771428571428571,0.7714285714285715,0.7714285714285715,0.7714285714285715,2.2808
3500,normal,DBSCAN,0.9768571428571429,0.7303921568627451,0.8514285714285714,0.7862796833773087,0.0291
3500,normal,Isolation Forest,0.984,0.84,0.84,0.84,0.2403
3500,normal,Z-Score,0.9748571428571429,0.7023255813953488,0.8628571428571429,0.7743589743589744,0.0011
3500,normal,IQR,0.9294285714285714,0.40816326530612246,0.9142857142857143,0.564373897707231,0.0611
3500,blobs,KMeans,0.9914285714285714,0.9142857142857143,0.9142857142857143,0.9142857142857143,2.1051
3500,blobs,DBSCAN,0.956,1.0,0.12,0.21428571428571427,0.0668
3500,blobs,Isolation Forest,0.992,0.92,0.92,0.92,0.2722
3500,blobs,Z-Score,0.98,1.0,0.6,0.75,0.0012
3500,blobs,IQR,0.9502857142857143,1.0,0.005714285714285714,0.011363636363636364,0.0550
3500,moons,KMeans,0.9702857142857143,0.7028571428571428,0.7028571428571428,0.7028571428571428,2.1251
3500,moons,DBSCAN,0.9945714285714286,0.9534883720930233,0.9371428571428572,0.9452449567723343,0.0233
3500,moons,Isolation Forest,0.9805714285714285,0.8057142857142857,0.8057142857142857,0.8057142857142857,0.2585
3500,moons,Z-Score,0.9788571428571429,1.0,0.5771428571428572,0.7318840579710145,0.0010
3500,moons,IQR,0.9774285714285714,1.0,0.5485714285714286,0.7084870848708487,0.0568
3500,circles,KMeans,0.9702857142857143,0.7028571428571428,0.7028571428571428,0.7028571428571428,2.1461
3500,circles,DBSCAN,0.9602857142857143,1.0,0.2057142857142857,0.3412322274881517,0.0457
3500,circles,Isolation Forest,0.9817142857142858,0.8171428571428572,0.8171428571428572,0.8171428571428572,0.2498
3500,circles,Z-Score,0.9848571428571429,0.9919354838709677,0.7028571428571428,0.822742474916388,0.0010
3500,circles,IQR,0.9808571428571429,0.8333333333333334,0.7714285714285715,0.8011869436201781,0.0554
4000,normal,KMeans,0.9725,0.725,0.725,0.725,2.5915
4000,normal,DBSCAN,0.983,0.8203883495145631,0.845,0.8325123152709359,0.0376
4000,normal,Isolation Forest,0.984,0.84,0.84,0.84,0.2947
4000,normal,Z-Score,0.98,0.7857142857142857,0.825,0.8048780487804879,0.0015
4000,normal,IQR,0.94175,0.4578005115089514,0.895,0.6057529610829103,0.0673
4000,blobs,KMeans,0.9915,0.915,0.915,0.915,2.5542
4000,blobs,DBSCAN,0.995,0.9245283018867925,0.98,0.9514563106796117,0.0324
4000,blobs,Isolation Forest,0.992,0.92,0.92,0.92,0.2506
4000,blobs,Z-Score,0.978,1.0,0.56,0.717948717948718,0.0010
4000,blobs,IQR,0.95425,1.0,0.085,0.15668202764976957,0.0628
4000,moons,KMeans,0.9725,0.725,0.725,0.725,2.6028
4000,moons,DBSCAN,0.98675,0.9298245614035088,0.795,0.8571428571428571,0.0283
4000,moons,Isolation Forest,0.975,0.75,0.75,0.75,0.2510
4000,moons,Z-Score,0.98425,1.0,0.685,0.8130563798219584,0.0010
4000,moons,IQR,0.97975,1.0,0.595,0.7460815047021944,0.0619
4000,circles,KMeans,0.9675,0.675,0.675,0.675,2.5429
4000,circles,DBSCAN,0.99375,0.972972972972973,0.9,0.935064935064935,0.0281
4000,circles,Isolation Forest,0.9805,0.805,0.805,0.805,0.2535
4000,circles,Z-Score,0.98475,1.0,0.695,0.8200589970501475,0.0010
4000,circles,IQR,0.95325,0.5217391304347826,0.78,0.625250501002004,0.0628
4500,normal,KMeans,0.968,0.68,0.68,0.68,3.1142
4500,normal,DBSCAN,0.9746666666666667,0.6933797909407665,0.8844444444444445,0.77734375,0.0366
4500,normal,Isolation Forest,0.984,0.84,0.84,0.84,0.2726
4500,normal,Z-Score,0.9815555555555555,0.7983193277310925,0.8444444444444444,0.8207343412526998,0.0010
4500,normal,IQR,0.93,0.4089068825910931,0.8977777777777778,0.5618915159944368,0.0726
4500,blobs,KMeans,0.9755555555555555,0.7555555555555555,0.7555555555555555,0.7555555555555555,3.0249
4500,blobs,DBSCAN,0.9888888888888889,0.9834254143646409,0.7911111111111111,0.8768472906403941,0.0560
4500,blobs,Isolation Forest,0.98,0.8,0.8,0.8,0.2667
4500,blobs,Z-Score,0.9802222222222222,0.8655913978494624,0.7155555555555555,0.7834549878345499,0.0010
4500,blobs,IQR,0.8655555555555555,0.22622478386167147,0.6977777777777778,0.3416757344940152,0.0735
4500,moons,KMeans,0.9768888888888889,0.7688888888888888,0.7688888888888888,0.7688888888888888,3.0567
4500,moons,DBSCAN,0.994,0.9714285714285714,0.9066666666666666,0.9379310344827586,0.0333
4500,moons,Isolation Forest,0.9822222222222222,0.8222222222222222,0.8222222222222222,0.8222222222222222,0.2695
4500,moons,Z-Score,0.9831111111111112,1.0,0.6622222222222223,0.7967914438502673,0.0015
4500,moons,IQR,0.9804444444444445,1.0,0.6088888888888889,0.7569060773480663,0.0715
4500,circles,KMeans,0.9711111111111111,0.7111111111111111,0.7111111111111111,0.7111111111111111,2.9912
4500,circles,DBSCAN,0.9971111111111111,0.9953271028037384,0.9466666666666667,0.9703872437357631,0.0323
4500,circles,Isolation Forest,0.9826666666666667,0.8266666666666667,0.8266666666666667,0.8266666666666667,0.2686
4500,circles,Z-Score,0.9862222222222222,1.0,0.7244444444444444,0.8402061855670103,0.0010
4500,circles,IQR,0.9182222222222223,0.358974358974359,0.8088888888888889,0.4972677595628415,0.0727
5000,normal,KMeans,0.9732,0.732,0.732,0.732,3.7011
5000,normal,DBSCAN,0.9756,0.693939393939394,0.916,0.7896551724137931,0.0440
5000,normal,Isolation Forest,0.9872,0.872,0.872,0.872,0.2749
5000,normal,Z-Score,0.9846,0.8145454545454546,0.896,0.8533333333333334,0.0010
5000,normal,IQR,0.9274,0.40341880341880343,0.944,0.5652694610778443,0.0798
5000,blobs,KMeans,0.9852,0.852,0.852,0.852,3.6178
5000,blobs,DBSCAN,0.9526,1.0,0.052,0.09885931558935361,0.1263
5000,blobs,Isolation Forest,0.9876,0.876,0.876,0.876,0.2867
5000,blobs,Z-Score,0.9836,0.9285714285714286,0.728,0.8161434977578476,0.0012
5000,blobs,IQR,0.8454,0.20114285714285715,0.704,0.3128888888888889,0.0815
5000,moons,KMeans,0.974,0.74,0.74,0.74,3.6320
5000,moons,DBSCAN,0.9972,0.9916666666666667,0.952,0.9714285714285714,0.0344
5000,moons,Isolation Forest,0.9828,0.828,0.828,0.828,0.2720
5000,moons,Z-Score,0.9824,1.0,0.648,0.7864077669902912,0.0010
5000,moons,IQR,0.977,1.0,0.54,0.7012987012987013,0.0790
5000,circles,KMeans,0.966,0.66,0.66,0.66,3.5839
5000,circles,DBSCAN,0.992,0.9565217391304348,0.88,0.9166666666666666,0.0320
5000,circles,Isolation Forest,0.9804,0.804,0.804,0.804,0.2989
5000,circles,Z-Score,0.981,1.0,0.62,0.7654320987654321,0.0010
5000,circles,IQR,0.968,1.0,0.36,0.5294117647058824,0.0766
5500,normal,KMeans,0.9690909090909091,0.6909090909090909,0.6909090909090909,0.6909090909090909,4.3107
5500,normal,DBSCAN,0.9798181818181818,0.7715231788079471,0.8472727272727273,0.8076256499133448,0.0471
5500,normal,Isolation Forest,0.9821818181818182,0.8218181818181818,0.8218181818181818,0.8218181818181818,0.2689
5500,normal,Z-Score,0.9745454545454545,0.7076923076923077,0.8363636363636363,0.7666666666666667,0.0010
5500,normal,IQR,0.9294545454545454,0.40930979133226325,0.9272727272727272,0.5679287305122495,0.0885
5500,blobs,KMeans,0.978909090909091,0.7890909090909091,0.7890909090909091,0.7890909090909091,4.3228
5500,blobs,DBSCAN,0.9870909090909091,0.8805970149253731,0.8581818181818182,0.8692449355432781,0.0468
5500,blobs,Isolation Forest,0.9807272727272728,0.8072727272727273,0.8072727272727273,0.8072727272727273,0.3080
5500,blobs,Z-Score,0.9850909090909091,0.9898477157360406,0.7090909090909091,0.826271186440678,0.0010
5500,blobs,IQR,0.9725454545454545,1.0,0.4509090909090909,0.6215538847117794,0.0865
5500,moons,KMeans,0.9734545454545455,0.7345454545454545,0.7345454545454545,0.7345454545454545,4.2714
5500,moons,DBSCAN,0.9978181818181818,0.9816849816849816,0.9745454545454545,0.9781021897810219,0.0396
5500,moons,Isolation Forest,0.9785454545454545,0.7854545454545454,0.7854545454545454,0.7854545454545454,0.2961
5500,moons,Z-Score,0.9810909090909091,1.0,0.6218181818181818,0.7668161434977578,0.0010
5500,moons,IQR,0.9743636363636363,1.0,0.48727272727272725,0.6552567237163814,0.0871
5500,circles,KMeans,0.9716363636363636,0.7163636363636363,0.7163636363636363,0.7163636363636363,4.3423
5500,circles,DBSCAN,0.9892727272727273,0.9736842105263158,0.8072727272727273,0.882703777335984,0.0464
5500,circles,Isolation Forest,0.9810909090909091,0.8109090909090909,0.8109090909090909,0.8109090909090909,0.6923
5500,circles,Z-Score,0.9876363636363636,1.0,0.7527272727272727,0.8589211618257261,0.0010
5500,circles,IQR,0.7958181818181819,0.17334360554699538,0.8181818181818182,0.28607755880483154,0.0918
6000,normal,KMeans,0.974,0.74,0.74,0.74,5.1950
6000,normal,DBSCAN,0.9743333333333334,0.689119170984456,0.8866666666666667,0.7755102040816326,0.0505
6000,normal,Isolation Forest,0.986,0.86,0.86,0.86,0.2792
6000,normal,Z-Score,0.9806666666666667,0.7839506172839507,0.8466666666666667,0.8141025641025641,0.0010
6000,normal,IQR,0.9333333333333333,0.42260061919504643,0.91,0.5771670190274841,0.1012
6000,blobs,KMeans,0.989,0.89,0.89,0.89,5.2256
6000,blobs,DBSCAN,0.9905,0.8761609907120743,0.9433333333333334,0.9085072231139647,0.0510
6000,blobs,Isolation Forest,0.988,0.88,0.88,0.88,0.2863
6000,blobs,Z-Score,0.9803333333333333,1.0,0.6066666666666667,0.7551867219917012,0.0010
6000,blobs,IQR,0.7898333333333334,0.13515565679574792,0.5933333333333334,0.22016079158936303,0.1021
6000,moons,KMeans,0.978,0.78,0.78,0.78,5.2335
6000,moons,DBSCAN,0.9936666666666667,0.9425675675675675,0.93,0.9362416107382551,0.0417
6000,moons,Isolation Forest,0.9843333333333333,0.8433333333333334,0.8433333333333334,0.8433333333333334,0.2873
6000,moons,Z-Score,0.9853333333333333,1.0,0.7066666666666667,0.828125,0.0010
6000,moons,IQR,0.9828333333333333,1.0,0.6566666666666666,0.7927565392354124,0.0921
6000,circles,KMeans,0.9613333333333334,0.6133333333333333,0.6133333333333333,0.6133333333333333,5.3645
6000,circles,DBSCAN,0.9955,0.9627118644067797,0.9466666666666667,0.9546218487394958,0.0377
6000,circles,Isolation Forest,0.9733333333333334,0.7333333333333333,0.7333333333333333,0.7333333333333333,0.2878
6000,circles,Z-Score,0.9816666666666667,1.0,0.6333333333333333,0.7755102040816326,0.0010
6000,circles,IQR,0.9806666666666667,1.0,0.6133333333333333,0.7603305785123967,0.0923
6500,normal,KMeans,0.9713846153846154,0.7138461538461538,0.7138461538461538,0.7138461538461538,6.3359
6500,normal,DBSCAN,0.9870769230769231,0.903010033444816,0.8307692307692308,0.8653846153846154,0.0720
6500,normal,Isolation Forest,0.9846153846153847,0.8461538461538461,0.8461538461538461,0.8461538461538461,0.3047
6500,normal,Z-Score,0.9798461538461538,0.760752688172043,0.8707692307692307,0.812051649928264,0.0013
6500,normal,IQR,0.9306153846153846,0.4125,0.9138461538461539,0.5684210526315789,0.0989
6500,blobs,KMeans,0.9796923076923076,0.796923076923077,0.796923076923077,0.796923076923077,6.2045
6500,blobs,DBSCAN,0.9689230769230769,1.0,0.37846153846153846,0.5491071428571429,0.1198
6500,blobs,Isolation Forest,0.9833846153846154,0.8338461538461538,0.8338461538461538,0.8338461538461538,0.2866
6500,blobs,Z-Score,0.9873846153846154,0.9919028340080972,0.7538461538461538,0.8566433566433567,0.0010
6500,blobs,IQR,0.9804615384615385,1.0,0.6092307692307692,0.7571701720841301,0.0985
6500,moons,KMeans,0.9796923076923076,0.796923076923077,0.796923076923077,0.796923076923077,6.2188
6500,moons,DBSCAN,0.9718461538461538,1.0,0.4369230769230769,0.6081370449678801,0.0807
6500,moons,Isolation Forest,0.984,0.84,0.84,0.84,0.2974
6500,moons,Z-Score,0.986,1.0,0.72,0.8372093023255814,0.0010
6500,moons,IQR,0.9843076923076923,1.0,0.6861538461538461,0.8138686131386861,0.1036
6500,circles,KMeans,0.9701538461538461,0.7015384615384616,0.7015384615384616,0.7015384615384616,6.2061
6500,circles,DBSCAN,0.996,0.9901639344262295,0.9292307692307692,0.9587301587301588,0.0442
6500,circles,Isolation Forest,0.9815384615384616,0.8153846153846154,0.8153846153846154,0.8153846153846154,0.3018
6500,circles,Z-Score,0.9838461538461538,1.0,0.676923076923077,0.8073394495412844,0.0010
6500,circles,IQR,0.9756923076923077,1.0,0.5138461538461538,0.6788617886178862,0.1012
7000,normal,KMeans,0.9694285714285714,0.6942857142857143,0.6942857142857143,0.6942857142857143,7.1898
7000,normal,DBSCAN,0.9822857142857143,0.8087431693989071,0.8457142857142858,0.8268156424581006,0.0639
7000,normal,Isolation Forest,0.9831428571428571,0.8314285714285714,0.8314285714285714,0.8314285714285714,0.3052
7000,normal,Z-Score,0.9792857142857143,0.7621483375959079,0.8514285714285714,0.8043184885290149,0.0010
7000,normal,IQR,0.9264285714285714,0.39751552795031053,0.9142857142857143,0.5541125541125541,0.1059
7000,blobs,KMeans,0.99,0.9,0.9,0.9,7.2370
7000,blobs,DBSCAN,0.987,0.8261964735516373,0.9371428571428572,0.8781793842034806,0.0571
7000,blobs,Isolation Forest,0.988,0.88,0.88,0.88,0.2964
7000,blobs,Z-Score,0.9804285714285714,1.0,0.6085714285714285,0.7566607460035524,0.0010
7000,blobs,IQR,0.961,1.0,0.22,0.36065573770491804,0.1011
7000,moons,KMeans,0.9737142857142858,0.7371428571428571,0.7371428571428571,0.7371428571428571,7.1366
7000,moons,DBSCAN,0.9848571428571429,0.8465909090909091,0.8514285714285714,0.8490028490028491,0.0467
7000,moons,Isolation Forest,0.9802857142857143,0.8028571428571428,0.8028571428571428,0.8028571428571428,0.2944
7000,moons,Z-Score,0.9835714285714285,1.0,0.6714285714285714,0.8034188034188035,0.0010
7000,moons,IQR,0.981,0.9954337899543378,0.6228571428571429,0.7662565905096661,0.1024
7000,circles,KMeans,0.9722857142857143,0.7228571428571429,0.7228571428571429,0.7228571428571429,7.0961
7000,circles,DBSCAN,0.9877142857142858,0.9049079754601227,0.8428571428571429,0.8727810650887574,0.0482
7000,circles,Isolation Forest,0.9805714285714285,0.8057142857142857,0.8057142857142857,0.8057142857142857,0.2974
7000,circles,Z-Score,0.9868571428571429,1.0,0.7371428571428571,0.8486842105263158,0.0010
7000,circles,IQR,0.987,0.9814126394052045,0.7542857142857143,0.8529886914378029,0.1035
7500,normal,KMeans,0.9749333333333333,0.7493333333333333,0.7493333333333333,0.7493333333333333,8.1327
7500,normal,DBSCAN,0.9822666666666666,0.7867298578199052,0.8853333333333333,0.8331242158092849,0.0637
7500,normal,Isolation Forest,0.9882666666666666,0.8826666666666667,0.8826666666666667,0.8826666666666667,0.2797
7500,normal,Z-Score,0.9865333333333334,0.8663101604278075,0.864,0.8651535380507344,0.0011
7500,normal,IQR,0.9406666666666667,0.4544270833333333,0.9306666666666666,0.6106736657917761,0.1109
7500,blobs,KMeans,0.9802666666666666,0.8026666666666666,0.8026666666666666,0.8026666666666666,8.1612
7500,blobs,DBSCAN,0.9888,0.8798955613577023,0.8986666666666666,0.8891820580474934,0.0676
7500,blobs,Isolation Forest,0.9842666666666666,0.8426666666666667,0.8426666666666667,0.8426666666666667,0.2900
7500,blobs,Z-Score,0.9852,0.9925373134328358,0.7093333333333334,0.8273716951788491,0.0010
7500,blobs,IQR,0.9770666666666666,1.0,0.5413333333333333,0.7024221453287197,0.1180
7500,moons,KMeans,0.9781333333333333,0.7813333333333333,0.7813333333333333,0.7813333333333333,8.1605
7500,moons,DBSCAN,0.9978666666666667,0.9786666666666667,0.9786666666666667,0.9786666666666667,0.0464
7500,moons,Isolation Forest,0.9805333333333334,0.8053333333333333,0.8053333333333333,0.8053333333333333,0.3083
7500,moons,Z-Score,0.9822666666666666,1.0,0.6453333333333333,0.7844408427876823,0.0010
7500,moons,IQR,0.9766666666666667,1.0,0.5333333333333333,0.6956521739130435,0.1102
7500,circles,KMeans,0.9688,0.688,0.688,0.688,8.2105
7500,circles,DBSCAN,0.9901333333333333,0.9659442724458205,0.832,0.8939828080229226,0.0528
7500,circles,Isolation Forest,0.9786666666666667,0.7866666666666666,0.7866666666666666,0.7866666666666666,0.3034
7500,circles,Z-Score,0.9844,1.0,0.688,0.8151658767772512,0.0010
7500,circles,IQR,0.9830666666666666,1.0,0.6613333333333333,0.7961476725521669,0.1098
8000,normal,KMeans,0.96925,0.6925,0.6925,0.6925,9.4504
8000,normal,DBSCAN,0.98725,0.8743718592964824,0.87,0.8721804511278195,0.0793
8000,normal,Isolation Forest,0.987,0.87,0.87,0.87,0.2880
8000,normal,Z-Score,0.983,0.8055555555555556,0.87,0.8365384615384616,0.0010
8000,normal,IQR,0.93425,0.4274193548387097,0.9275,0.5851735015772871,0.1200
8000,blobs,KMeans,0.9865,0.865,0.865,0.865,9.5538
8000,blobs,DBSCAN,0.95825,1.0,0.165,0.2832618025751073,0.2579
8000,blobs,Isolation Forest,0.98825,0.8825,0.8825,0.8825,0.3007
8000,blobs,Z-Score,0.985375,1.0,0.7075,0.828696925329429,0.0010
8000,blobs,IQR,0.96675,1.0,0.335,0.50187265917603,0.1163
8000,moons,KMeans,0.97725,0.7725,0.7725,0.7725,9.4553
8000,moons,DBSCAN,0.961375,1.0,0.2275,0.37067209775967414,0.1148
8000,moons,Isolation Forest,0.9845,0.845,0.845,0.845,0.3110
8000,moons,Z-Score,0.985875,1.0,0.7175,0.8355167394468704,0.0010
8000,moons,IQR,0.982375,0.9923954372623575,0.6525,0.7873303167420814,0.1167
8000,circles,KMeans,0.97025,0.7025,0.7025,0.7025,9.5491
8000,circles,DBSCAN,0.983375,0.8467532467532467,0.815,0.8305732484076433,0.0568
8000,circles,Isolation Forest,0.98175,0.8175,0.8175,0.8175,0.3035
8000,circles,Z-Score,0.9855,0.9765100671140939,0.7275,0.833810888252149,0.0010
8000,circles,IQR,0.973375,0.7110609480812641,0.7875,0.7473309608540926,0.1181
8500,normal,KMeans,0.9705882352941176,0.7058823529411765,0.7058823529411765,0.7058823529411765,10.2610
8500,normal,DBSCAN,0.9705882352941176,1.0,0.4117647058823529,0.5833333333333334,0.1904
8500,normal,Isolation Forest,0.9863529411764705,0.8635294117647059,0.8635294117647059,0.8635294117647059,0.2957
8500,normal,Z-Score,0.9825882352941177,0.8043956043956044,0.8611764705882353,0.8318181818181818,0.0010
8500,normal,IQR,0.9297647058823529,0.41041666666666665,0.9270588235294117,0.5689530685920577,0.1290
8500,blobs,KMeans,0.9727058823529412,0.7270588235294118,0.7270588235294118,0.7270588235294118,10.3035
8500,blobs,DBSCAN,0.9622352941176471,1.0,0.2447058823529412,0.3931947069943289,0.1607
8500,blobs,Isolation Forest,0.9816470588235294,0.8164705882352942,0.8164705882352942,0.8164705882352942,0.3148
8500,blobs,Z-Score,0.9832941176470589,0.9764309764309764,0.6823529411764706,0.8033240997229917,0.0010
8500,blobs,IQR,0.977764705882353,1.0,0.5552941176470588,0.7140695915279879,0.1244
8500,moons,KMeans,0.9734117647058823,0.7341176470588235,0.7341176470588235,0.7341176470588235,10.2718
8500,moons,DBSCAN,0.9538823529411765,1.0,0.07764705882352942,0.14410480349344978,0.1382
8500,moons,Isolation Forest,0.9802352941176471,0.8023529411764706,0.8023529411764706,0.8023529411764706,0.3226
8500,moons,Z-Score,0.9811764705882353,1.0,0.6235294117647059,0.7681159420289855,0.0010
8500,moons,IQR,0.978,1.0,0.56,0.717948717948718,0.1243
8500,circles,KMeans,0.9668235294117647,0.668235294117647,0.668235294117647,0.668235294117647,10.1496
8500,circles,DBSCAN,0.9950588235294118,0.9705159705159705,0.9294117647058824,0.9495192307692307,0.0535
8500,circles,Isolation Forest,0.9818823529411764,0.8188235294117647,0.8188235294117647,0.8188235294117647,0.3199
8500,circles,Z-Score,0.9830588235294118,1.0,0.6611764705882353,0.7960339943342776,0.0010
8500,circles,IQR,0.9667058823529412,1.0,0.3341176470588235,0.5008818342151675,0.1235
9000,normal,KMeans,0.9717777777777777,0.7177777777777777,0.7177777777777777,0.7177777777777777,11.3904
9000,normal,DBSCAN,0.9693333333333334,0.9943181818181818,0.3888888888888889,0.5591054313099042,0.2509
9000,normal,Isolation Forest,0.9893333333333333,0.8933333333333333,0.8933333333333333,0.8933333333333333,0.3063
9000,normal,Z-Score,0.9852222222222222,0.8350951374207188,0.8777777777777778,0.8559046587215602,0.0010
9000,normal,IQR,0.9336666666666666,0.425531914893617,0.9333333333333333,0.5845511482254697,0.1351
9000,blobs,KMeans,0.9722222222222222,0.7222222222222222,0.7222222222222222,0.7222222222222222,11.2284
9000,blobs,DBSCAN,0.9515555555555556,1.0,0.03111111111111111,0.0603448275862069,0.2776
9000,blobs,Isolation Forest,0.9824444444444445,0.8244444444444444,0.8244444444444444,0.8244444444444444,0.3462
9000,blobs,Z-Score,0.9837777777777778,1.0,0.6755555555555556,0.8063660477453581,0.0010
9000,blobs,IQR,0.9687777777777777,1.0,0.37555555555555553,0.5460420032310178,0.1304
9000,moons,KMeans,0.9737777777777777,0.7377777777777778,0.7377777777777778,0.7377777777777778,11.3594
9000,moons,DBSCAN,0.994,0.9419642857142857,0.9377777777777778,0.9398663697104677,0.0651
9000,moons,Isolation Forest,0.982,0.82,0.82,0.82,0.3358
9000,moons,Z-Score,0.9823333333333333,1.0,0.6466666666666666,0.7854251012145749,0.0011
9000,moons,IQR,0.9782222222222222,1.0,0.5644444444444444,0.7215909090909091,0.1314
9000,circles,KMeans,0.9666666666666667,0.6666666666666666,0.6666666666666666,0.6666666666666666,11.2191
9000,circles,DBSCAN,0.9963333333333333,0.977116704805492,0.9488888888888889,0.9627959413754228,0.0568
9000,circles,Isolation Forest,0.9786666666666667,0.7866666666666666,0.7866666666666666,0.7866666666666666,0.3373
9000,circles,Z-Score,0.9818888888888889,1.0,0.6377777777777778,0.7788331071913162,0.0010
9000,circles,IQR,0.9733333333333334,1.0,0.4666666666666667,0.6363636363636364,0.1296
9500,normal,KMeans,0.9711578947368421,0.7115789473684211,0.7115789473684211,0.7115789473684211,12.8362
9500,normal,DBSCAN,0.9798947368421053,0.7535714285714286,0.888421052631579,0.8154589371980676,0.0786
9500,normal,Isolation Forest,0.9871578947368421,0.871578947368421,0.871578947368421,0.871578947368421,0.3130
9500,normal,Z-Score,0.9825263157894737,0.7976878612716763,0.871578947368421,0.8329979879275654,0.0010
9500,normal,IQR,0.9442105263157895,0.4707757704569607,0.9326315789473684,0.6257062146892656,0.1406
9500,blobs,KMeans,0.992421052631579,0.9242105263157895,0.9242105263157895,0.9242105263157895,12.3358
9500,blobs,DBSCAN,0.9654736842105263,1.0,0.3094736842105263,0.47266881028938906,0.2402
9500,blobs,Isolation Forest,0.9898947368421053,0.8989473684210526,0.8989473684210526,0.8989473684210526,0.3332
9500,blobs,Z-Score,0.9807368421052631,1.0,0.6147368421052631,0.7614080834419817,0.0010
9500,blobs,IQR,0.7901052631578948,0.1367766618842659,0.6021052631578947,0.22291504286827749,0.1460
9500,moons,KMeans,0.9747368421052631,0.7473684210526316,0.7473684210526316,0.7473684210526316,12.6302
9500,moons,DBSCAN,0.9923157894736843,0.9407894736842105,0.9031578947368422,0.9215896885069818,0.0685
9500,moons,Isolation Forest,0.9812631578947368,0.8126315789473684,0.8126315789473684,0.8126315789473684,0.3362
9500,moons,Z-Score,0.9832631578947368,1.0,0.6652631578947369,0.7989886219974716,0.0010
9500,moons,IQR,0.9774736842105263,1.0,0.5494736842105263,0.7092391304347826,0.1418
9500,circles,KMeans,0.9713684210526315,0.7136842105263158,0.7136842105263158,0.7136842105263158,12.4821
9500,circles,DBSCAN,0.9613684210526315,1.0,0.22736842105263158,0.3704974271012007,0.1148
9500,circles,Isolation Forest,0.9831578947368421,0.8315789473684211,0.8315789473684211,0.8315789473684211,0.3332
9500,circles,Z-Score,0.985578947368421,1.0,0.7115789473684211,0.8314883148831488,0.0010
9500,circles,IQR,0.9798947368421053,1.0,0.5978947368421053,0.7483530961791831,0.1387
10000,normal,KMeans,0.9718,0.718,0.718,0.718,14.0578
10000,normal,DBSCAN,0.969,0.9947916666666666,0.382,0.5520231213872833,0.2103
10000,normal,Isolation Forest,0.987,0.87,0.87,0.87,0.3350
10000,normal,Z-Score,0.983,0.8044280442804428,0.872,0.836852207293666,0.0010
10000,normal,IQR,0.931,0.414568345323741,0.922,0.5719602977667494,0.1486
10000,blobs,KMeans,0.99,0.9,0.9,0.9,13.9393
10000,blobs,DBSCAN,0.967,0.9941860465116279,0.342,0.5089285714285714,0.2927
10000,blobs,Isolation Forest,0.9862,0.862,0.862,0.862,0.3388
10000,blobs,Z-Score,0.9856,1.0,0.712,0.8317757009345794,0.0010
10000,blobs,IQR,0.9768,1.0,0.536,0.6979166666666666,0.1489
10000,moons,KMeans,0.9726,0.726,0.726,0.726,14.0314
10000,moons,DBSCAN,0.9965,0.9678068410462777,0.962,0.9648946840521565,0.0675
10000,moons,Isolation Forest,0.98,0.8,0.8,0.8,0.3512
10000,moons,Z-Score,0.9811,1.0,0.622,0.7669543773119606,0.0010
10000,moons,IQR,0.9773,1.0,0.546,0.7063389391979301,0.1443
10000,circles,KMeans,0.9658,0.658,0.658,0.658,13.8347
10000,circles,DBSCAN,0.9627,1.0,0.254,0.405103668261563,0.1313
10000,circles,Isolation Forest,0.9772,0.772,0.772,0.772,0.3471
10000,circles,Z-Score,0.9835,1.0,0.67,0.8023952095808383,0.0010
10000,circles,IQR,0.9747,1.0,0.494,0.6613119143239625,0.1461
